,price,bathrooms,bedrooms,city,homeType,livingArea,zipcode,priceReduction,daysOnZillow,latitude,longitude,30_year_mortgage
0,414990.0,3.0,3.0,American Fork,TOWNHOUSE,1619.0,84003,,-1,40.37259,-111.8218,2737.2895888316334
1,395990.0,3.0,2.0,American Fork,TOWNHOUSE,1421.0,84003,,-1,40.37259,-111.8218,2611.9648769402597
2,461990.0,3.0,4.0,American Fork,TOWNHOUSE,2078.0,84003,,-1,40.37259,-111.8218,3047.303349826083
3,413990.0,3.0,3.0,American Fork,TOWNHOUSE,1645.0,84003,,-1,40.37259,-111.8218,2730.6935513636663
4,413990.0,3.0,3.0,American Fork,TOWNHOUSE,1591.0,84003,,-1,40.37259,-111.8218,2730.6935513636663
5,439990.0,3.0,3.0,American Fork,TOWNHOUSE,1914.0,84003,,-1,40.372612,-111.8218,2902.190525530809
6,429990.0,3.0,2.0,American Fork,TOWNHOUSE,1768.0,84003,,-1,40.372612,-111.8218,2836.2301508511387
7,455990.0,3.0,3.0,American Fork,TOWNHOUSE,2120.0,84003,,-1,40.372612,-111.8218,3007.7271250182807
8,453990.0,3.0,3.0,American Fork,TOWNHOUSE,2086.0,84003,,-1,40.372612,-111.8218,2994.535050082347
9,898000.0,5.0,4.0,Spanish Fork,SINGLE_FAMILY,4900.0,84660,,0,40.096268,-111.66445,5923.241646234384
10,1900000.0,8.0,7.0,Mapleton,SINGLE_FAMILY,8758.0,84664,,0,,,12532.471189137335
11,399500.0,3.0,4.0,Spanish Fork,SINGLE_FAMILY,2548.0,84660,,0,40.11911,-111.65869,2635.116968452824
12,519900.0,4.0,4.0,Orem,TOWNHOUSE,2552.0,84059,,-1,40.280453,-111.74382,3429.279879596053
13,925000.0,4.0,6.0,Eagle Mountain,SINGLE_FAMILY,4660.0,84005,,0,40.306576,-112.01955,6101.334657869493
14,999999.0,5.0,7.0,Lehi,SINGLE_FAMILY,4800.0,84043,,0,40.450108,-111.89261,6596.030871929551
15,739900.0,3.0,5.0,Saratoga Springs,SINGLE_FAMILY,4161.0,84045,,0,40.302155,-111.89709,4880.408122548797
16,819900.0,3.0,5.0,Saratoga Springs,SINGLE_FAMILY,4412.0,84045,,0,,,5408.091119986158
17,519900.0,3.0,3.0,Saratoga Springs,SINGLE_FAMILY,2253.0,84045,,0,,,3429.279879596053
18,550000.0,3.0,4.0,Eagle Mountain,SINGLE_FAMILY,2485.0,84005,,0,40.297573,-112.01968,3627.8206073818606
21,830000.0,3.0,6.0,Genola,SINGLE_FAMILY,2816.0,84655,,-1,40.00372,-111.84122,5474.711098412626
22,480000.0,4.0,4.0,Eagle Mountain,SINGLE_FAMILY,2509.0,84005,,-1,40.348522,-111.96683,3166.0979846241694
23,529900.0,3.0,3.0,Saratoga Springs,SINGLE_FAMILY,3012.0,84045,,0,,,3495.240254275723
24,620900.0,3.0,3.0,Saratoga Springs,SINGLE_FAMILY,3360.0,84045,,0,,,4095.479663860722
25,568900.0,3.0,4.0,Saratoga Springs,SINGLE_FAMILY,3448.0,84045,,0,,,3752.485715526437
26,517615.0,3.0,3.0,Saratoga Springs,SINGLE_FAMILY,2945.0,84045,,0,40.36621,-111.8911,3414.2079339817487
28,504900.0,3.0,4.0,Saratoga Springs,SINGLE_FAMILY,2416.0,84045,,0,,,3330.339317576548
29,410000.0,2.0,3.0,Eagle Mountain,TOWNHOUSE,2467.0,84005,,0,40.372196,-111.96964,2704.3753618664778
30,500000.0,3.0,3.0,American Fork,SINGLE_FAMILY,1547.0,84003,,-1,40.368904,-111.78058,3298.0187339835097
31,640000.0,2.0,5.0,Alpine,SINGLE_FAMILY,2076.0,84004,,0,40.45328,-111.781624,4221.4639794988925
32,499900.0,3.0,4.0,Saratoga Springs,SINGLE_FAMILY,2471.0,84045,,0,,,3297.3591302367126
33,299000.0,2.0,2.0,Orem,CONDO,992.0,84057,,-1,40.298103,-111.70096,1972.2152029221386
34,715000.0,3.0,5.0,Eagle Mountain,SINGLE_FAMILY,3208.0,84005,,0,40.302235,-112.001236,4716.166789596418
35,699000.0,4.0,6.0,Salem,SINGLE_FAMILY,3820.0,84653,,0,40.057648,-111.65684,4610.630190108946
36,699900.0,3.0,4.0,Payson,SINGLE_FAMILY,3661.0,84651,,0,40.02011,-111.681175,4616.566623830116
37,2495000.0,6.0,4.0,Woodland Hills,SINGLE_FAMILY,4573.0,84653,,0,40.01257,-111.66526,16457.11348257771
38,3390000.0,6.0,4.0,Woodland Hills,SINGLE_FAMILY,5541.0,84653,"$405,000 (Oct 11)",-1,40.008175,-111.66129,22360.567016408193
39,659500.0,3.0,6.0,Springville,SINGLE_FAMILY,3385.0,84663,,0,40.155113,-111.57811,4350.086710124249
40,329900.0,1.0,2.0,Provo,SINGLE_FAMILY,788.0,84606,,-1,40.228912,-111.648544,2176.03276068232
41,789000.0,5.0,5.0,Elk Ridge,SINGLE_FAMILY,3236.0,84651,,-1,40.019325,-111.68319,5204.273562225978
42,2390000.0,6.0,5.0,Highland,SINGLE_FAMILY,5894.0,84003,,0,40.415882,-111.795364,15764.529548441174
43,1150000.0,5.0,7.0,Lindon,SINGLE_FAMILY,5500.0,84042,,-1,40.338898,-111.700516,7585.443088162072
44,1344995.0,4.0,4.0,Lehi,SINGLE_FAMILY,6215.0,84043,,0,40.454266,-111.878654,8871.6374142283
45,599000.0,3.0,6.0,American Fork,SINGLE_FAMILY,2957.0,84003,,-1,40.380234,-111.802574,3951.0264433122443
46,679000.0,3.0,4.0,Eagle Mountain,SINGLE_FAMILY,4175.0,84005,,0,40.32312,-112.02187,4478.709440749606
47,0.0,0.0,,Pleasant Grove,SINGLE_FAMILY,,84062,,-1,40.375412,-111.762344,0.0
48,795990.0,2.0,3.0,American Fork,SINGLE_FAMILY,2064.0,84003,,-1,40.381203,-111.76126,5250.379864127068
49,882990.0,4.0,4.0,American Fork,SINGLE_FAMILY,2758.0,84003,,-1,40.381203,-111.76126,5824.235123840198
50,859990.0,4.0,4.0,American Fork,SINGLE_FAMILY,2724.0,84003,,-1,40.381203,-111.76126,5672.526262076956
51,939990.0,4.0,4.0,American Fork,SINGLE_FAMILY,3469.0,84003,,-1,40.381203,-111.76126,6200.209259514318
52,900990.0,3.0,4.0,American Fork,SINGLE_FAMILY,3194.0,84003,,-1,40.381203,-111.76126,5942.963798263604
53,465900.0,3.0,3.0,Eagle Mountain,SINGLE_FAMILY,1680.0,84005,,-1,40.2962,-112.0136,3073.0938563258346
54,499900.0,4.0,4.0,Lehi,TOWNHOUSE,2266.0,84043,,-1,40.40706,-111.916824,3297.3591302367126
56,649000.0,5.0,6.0,Lindon,SINGLE_FAMILY,3584.0,84042,,1,40.335754,-111.69321,4280.828316710596
57,3399000.0,9.0,8.0,Alpine,SINGLE_FAMILY,11486.0,84004,,1,40.457253,-111.79545,22419.931353619897
58,405000.0,4.0,4.0,Lehi,TOWNHOUSE,2019.0,84043,,1,40.42318,-111.86924,2671.3951745266427
62,325000.0,2.0,3.0,Saratoga Springs,CONDO,1220.0,84045,,1,40.396873,-111.919815,2143.7121770892813
63,359000.0,2.0,2.0,Provo,TOWNHOUSE,1030.0,84601,,1,40.240955,-111.70026,2367.97745100016
65,659990.0,4.0,5.0,Provo,SINGLE_FAMILY,3652.0,84601,,1,40.249943,-111.7012,4353.318768483553
66,484900.0,3.0,4.0,Eagle Mountain,SINGLE_FAMILY,2434.0,84005,,-1,40.302628,-112.00896,3198.418568217208
67,447000.0,3.0,4.0,Eagle Mountain,SINGLE_FAMILY,2862.0,84005,,1,40.315372,-112.00815,2948.4287481812576
68,699900.0,3.0,4.0,Saratoga Springs,SINGLE_FAMILY,3732.0,84045,,1,40.33453,-111.92269,4616.566623830116
69,740000.0,4.0,6.0,Spanish Fork,SINGLE_FAMILY,4629.0,84660,,1,40.123344,-111.61473,4881.067726295594
70,594912.0,3.0,4.0,Eagle Mountain,SINGLE_FAMILY,3811.0,84005,,1,,,3924.0618421431955
71,700000.0,4.0,5.0,Saratoga Springs,SINGLE_FAMILY,3184.0,84045,,-1,40.298508,-111.88087,4617.2262275769135
72,795000.0,4.0,5.0,Orem,SINGLE_FAMILY,5108.0,84097,,1,40.2802,-111.67261,5243.849787033781
73,3995000.0,5.0,4.0,Salem,SINGLE_FAMILY,6474.0,84653,,1,,,26351.169684528242
74,550000.0,3.0,6.0,Salem,SINGLE_FAMILY,2850.0,84653,,1,40.056515,-111.66855,3627.8206073818606
75,724900.0,4.0,6.0,American Fork,SINGLE_FAMILY,3678.0,84003,,-1,40.404053,-111.77089,4781.467560529291
76,739900.0,4.0,6.0,Saratoga Springs,SINGLE_FAMILY,4069.0,84045,,-1,,,4880.408122548797
77,510000.0,2.0,4.0,American Fork,SINGLE_FAMILY,1708.0,84003,,-1,40.385387,-111.811295,3363.97910866318
78,525000.0,4.0,4.0,American Fork,TOWNHOUSE,2158.0,84003,,1,40.369762,-111.781586,3462.919670682685
79,525000.0,4.0,4.0,American Fork,TOWNHOUSE,2158.0,84003,,1,40.36977,-111.78166,3462.919670682685
80,525000.0,3.0,5.0,Orem,SINGLE_FAMILY,2136.0,84057,,-1,40.32637,-111.69605,3462.919670682685
81,360000.0,2.0,2.0,American Fork,TOWNHOUSE,1032.0,84003,,1,40.37814,-111.809166,2374.573488468127
82,586900.0,3.0,3.0,Lehi,SINGLE_FAMILY,3360.0,84043,,1,40.370647,-111.83939,3871.2143899498433
83,549900.0,2.0,3.0,Eagle Mountain,SINGLE_FAMILY,3196.0,84005,,2,40.320335,-112.02869,3627.1610036350635
84,824995.0,3.0,3.0,Provo,SINGLE_FAMILY,3082.0,84604,,-1,40.271606,-111.65963,5441.697930885451
86,738315.0,3.0,4.0,Lehi,SINGLE_FAMILY,4237.0,84043,,2,40.39581,-111.907,4869.95340316207
87,689000.0,2.0,3.0,Santaquin,SINGLE_FAMILY,3599.0,84655,,2,39.9731,-111.76846,4544.669815429276
88,220000.0,1.0,2.0,Springville,CONDO,985.0,84663,,2,40.1582,-111.59937,1451.1282429527444
89,525000.0,2.0,4.0,Pleasant Grove,SINGLE_FAMILY,2540.0,84062,,-1,40.355076,-111.726006,3462.919670682685
90,489900.0,3.0,5.0,Payson,SINGLE_FAMILY,2348.0,84651,,2,40.024483,-111.72651,3231.3987555570425
91,535000.0,3.0,4.0,American Fork,SINGLE_FAMILY,2165.0,84003,,2,40.391247,-111.80602,3528.8800453623553
92,314900.0,2.0,3.0,Saratoga Springs,CONDO,1272.0,84045,,2,40.36663,-111.95894,2077.0921986628146
93,725000.0,4.0,5.0,Lehi,SINGLE_FAMILY,3490.0,84043,,-1,40.421925,-111.86794,4782.1271642760885
94,405000.0,3.0,3.0,Saratoga Springs,TOWNHOUSE,2160.0,84045,,-1,40.39067,-111.91178,2671.3951745266427
95,279900.0,1.0,2.0,Orem,CONDO,956.0,84057,,2,40.324734,-111.7257,1846.2308872839687
97,549882.0,2.0,5.0,Eagle Mountain,SINGLE_FAMILY,3594.0,84005,,2,,,3627.0422749606405
98,360000.0,1.0,4.0,Spanish Fork,SINGLE_FAMILY,1950.0,84660,"$15,000 (Nov 6)",-1,40.10876,-111.64341,2374.573488468127
99,519990.0,3.0,3.0,American Fork,SINGLE_FAMILY,2034.0,84003,,-1,40.355587,-111.82387,3429.87352296817
100,638900.0,3.0,4.0,Saratoga Springs,SINGLE_FAMILY,2482.0,84045,,-1,40.4119,-111.9299,4214.208338284128
101,575450.0,3.0,4.0,Eagle Mountain,SINGLE_FAMILY,3632.0,84005,,-1,40.320286,-112.03202,3795.689760941621
103,598990.0,3.0,3.0,American Fork,SINGLE_FAMILY,2946.0,84003,,-1,40.355587,-111.82387,3950.960482937565
104,499999.0,2.0,3.0,Springville,SINGLE_FAMILY,1939.0,84663,"$149,001 (Nov 8)",-1,40.16577,-111.614685,3298.0121379460415
105,652950.0,3.0,4.0,Mapleton,SINGLE_FAMILY,3997.0,84664,,4,40.102585,-111.59639,4306.8826647090655
106,493091.0,3.0,3.0,Eagle Mountain,SINGLE_FAMILY,2420.0,84005,"$2,899 (Nov 3)",-1,40.324318,-112.01573,3252.4467111173253
107,539990.0,3.0,3.0,Lehi,SINGLE_FAMILY,2945.0,84043,"$5,000 (Oct 27)",-1,40.39999,-111.9072,3561.7942723275105
108,495000.0,3.0,4.0,American Fork,SINGLE_FAMILY,2464.0,84003,,4,40.37796,-111.777054,3265.038546643674
109,749900.0,3.0,3.0,Mapleton,SINGLE_FAMILY,4396.0,84664,,4,,,4946.368497228468
110,299900.0,2.0,3.0,Santaquin,CONDO,1243.0,84655,,4,39.97461,-111.79081,1978.151636643309
111,471125.0,3.0,3.0,American Fork,TOWNHOUSE,1901.0,84003,,-1,40.378487,-111.82354,3107.558152095962
112,445000.0,2.0,3.0,Provo,CONDO,2100.0,84604,,4,40.27071,-111.654724,2935.2366732453233
113,1350000.0,3.0,4.0,Orem,SINGLE_FAMILY,5207.0,84058,,-1,40.259544,-111.697014,8904.650581755475
114,574990.0,3.0,4.0,American Fork,SINGLE_FAMILY,2863.0,84003,,5,40.355587,-111.82387,3792.6555837063565
115,608900.0,3.0,4.0,Saratoga Springs,SINGLE_FAMILY,2150.0,84045,,-1,40.4119,-111.9299,4016.3272142451183
116,520000.0,2.0,3.0,Eagle Mountain,SINGLE_FAMILY,3141.0,84005,,5,40.303802,-111.99861,3429.93948334285
117,445000.0,3.0,3.0,Saratoga Springs,TOWNHOUSE,1597.0,84045,,-1,40.39928,-111.922455,2935.2366732453233
118,465000.0,2.0,4.0,Pleasant Grove,SINGLE_FAMILY,1454.0,84062,,5,40.37034,-111.759926,3067.1574226046637
119,685950.0,3.0,4.0,Mapleton,SINGLE_FAMILY,4266.0,84664,,5,40.102585,-111.59639,4524.551901151976
120,411990.0,2.0,2.0,Eagle Mountain,SINGLE_FAMILY,1420.0,84005,,-1,40.324318,-112.01573,2717.501476427732
121,350000.0,2.0,2.0,American Fork,SINGLE_FAMILY,1991.0,84003,,5,40.38338,-111.79695,2308.6131137884568
122,492990.0,3.0,3.0,American Fork,SINGLE_FAMILY,1680.0,84003,,-1,40.36328,-111.80183,3251.7805113330605
123,679900.0,3.0,4.0,Saratoga Springs,SINGLE_FAMILY,2424.0,84045,,-1,40.4099,-111.9317,4484.645874470776
126,489900.0,2.0,3.0,Eagle Mountain,SINGLE_FAMILY,3413.0,84005,"$10,000 (Nov 6)",5,,,3231.3987555570425
127,599990.0,3.0,4.0,American Fork,SINGLE_FAMILY,2191.0,84003,,-1,40.395542,-111.77192,3957.556520405532
128,429900.0,2.0,3.0,American Fork,SINGLE_FAMILY,1818.0,84003,,5,40.386597,-111.79619,2835.6365074790215
129,1199900.0,3.0,6.0,Orem,SINGLE_FAMILY,4186.0,84097,,-1,40.329205,-111.68137,7914.585357813627
130,690000.0,3.0,4.0,Saratoga Springs,TOWNHOUSE,2767.0,84045,,5,40.352787,-111.903786,4551.265852897243
131,599000.0,3.0,6.0,Provo,SINGLE_FAMILY,2744.0,84604,,-1,40.259163,-111.64849,3951.0264433122443
132,799000.0,3.0,4.0,American Fork,SINGLE_FAMILY,3780.0,84003,,5,40.43318,-111.77863,5270.233936905648
133,399900.0,1.0,4.0,Provo,SINGLE_FAMILY,1584.0,84601,,5,40.249714,-111.70261,2637.7553834400105
134,1669995.0,3.0,5.0,Lehi,SINGLE_FAMILY,3858.0,84043,,5,40.441593,-111.85877,11015.349591317581
135,628990.0,3.0,3.0,American Fork,SINGLE_FAMILY,2418.0,84003,,5,40.35721,-111.802086,4148.841606976575
136,568990.0,3.0,4.0,American Fork,SINGLE_FAMILY,2037.0,84003,,5,40.367977,-111.80547,3753.079358898554
137,499900.0,3.0,4.0,Payson,SINGLE_FAMILY,2610.0,84651,,-1,40.04063,-111.72769,3297.3591302367126
138,439900.0,2.0,4.0,Eagle Mountain,SINGLE_FAMILY,2465.0,84005,,5,40.3155,-111.99885,2901.5968821586916
139,480000.0,3.0,6.0,Provo,SINGLE_FAMILY,1736.0,84601,,-1,40.220043,-111.67125,3166.0979846241694
140,479900.0,2.0,3.0,Lehi,SINGLE_FAMILY,1650.0,84043,,-1,40.412388,-111.85666,3165.4383808773723
146,380000.0,3.0,3.0,Pleasant Grove,CONDO,1298.0,84062,,5,40.360382,-111.75211,2506.4942378274673
147,519967.0,3.0,5.0,Payson,SINGLE_FAMILY,2050.0,84651,,5,40.02583,-111.73339,3429.721814106407
148,1900000.0,3.0,6.0,Springville,SINGLE_FAMILY,3014.0,84663,,5,40.153988,-111.61196,12532.471189137335
149,532990.0,3.0,3.0,American Fork,SINGLE_FAMILY,1680.0,84003,,5,40.35721,-111.802086,3515.6220100517417
150,379990.0,3.0,3.0,Saratoga Springs,TOWNHOUSE,1311.0,84045,,5,40.36621,-111.8911,2506.4282774527874
151,465000.0,3.0,3.0,Orem,TOWNHOUSE,1625.0,84058,"$50,000 (Nov 3)",-1,40.261044,-111.7184,3067.1574226046637
152,4187900.0,8.0,6.0,Woodland Hills,SINGLE_FAMILY,8034.0,84653,,-1,40.007793,-111.66124,27623.54531209908
153,510000.0,2.0,3.0,Lehi,SINGLE_FAMILY,2610.0,84043,,5,40.41491,-111.885414,3363.97910866318
154,600000.0,3.0,5.0,Provo,SINGLE_FAMILY,3360.0,84606,,-1,40.204906,-111.628334,3957.622480780212
155,998500.0,4.0,5.0,Salem,SINGLE_FAMILY,5311.0,84653,,5,40.04976,-111.65461,6586.143411765069
156,450000.0,3.0,3.0,Spanish Fork,TOWNHOUSE,1957.0,84660,,5,40.121254,-111.72246,2968.216860585159
158,778900.0,3.0,5.0,Saratoga Springs,SINGLE_FAMILY,2698.0,84045,,-1,40.41,-111.9278,5137.653583799511
159,700000.0,4.0,5.0,Saratoga Springs,SINGLE_FAMILY,3547.0,84045,,-1,40.378212,-111.936874,4617.2262275769135
160,729519.0,3.0,4.0,Saratoga Springs,SINGLE_FAMILY,4266.0,84045,"$7,000 (Nov 8)",-1,40.299187,-111.88246,4811.934657593832
162,621950.0,3.0,4.0,Mapleton,SINGLE_FAMILY,3632.0,84664,,6,40.102585,-111.59639,4102.405503202087
163,346900.0,2.0,3.0,Saratoga Springs,CONDO,1272.0,84045,,6,,,2288.165397637759
164,856796.0,3.0,4.0,Mapleton,SINGLE_FAMILY,4256.0,84664,,6,40.10119,-111.5931,5651.45851840427
165,496990.0,3.0,3.0,American Fork,SINGLE_FAMILY,1861.0,84003,,-1,40.36328,-111.80183,3278.164661204929
166,714900.0,3.0,5.0,Saratoga Springs,SINGLE_FAMILY,2777.0,84045,,-1,40.4099,-111.9317,4715.507185849622
167,1950000.0,6.0,5.0,Springville,SINGLE_FAMILY,5682.0,84663,,6,40.162052,-111.61992,12862.273062535689
168,619900.0,3.0,5.0,Saratoga Springs,SINGLE_FAMILY,2658.0,84045,,-1,40.38096,-111.93713,4088.883626392755
169,465000.0,3.0,5.0,Eagle Mountain,SINGLE_FAMILY,2532.0,84005,,6,40.386105,-111.980484,3067.1574226046637
170,1850000.0,6.0,6.0,Provo,SINGLE_FAMILY,7395.0,84604,,6,40.276264,-111.635895,12202.669315738985
171,359000.0,1.0,3.0,Orem,SINGLE_FAMILY,1196.0,84057,,6,40.31982,-111.69453,2367.97745100016
172,2779900.0,6.0,5.0,Salem,SINGLE_FAMILY,5672.0,84653,,6,40.011337,-111.66358,18336.324557201515
173,1100000.0,4.0,6.0,Pleasant Grove,SINGLE_FAMILY,4600.0,84062,,6,40.36283,-111.7176,7255.641214763721
174,654084.0,3.0,4.0,Saratoga Springs,SINGLE_FAMILY,3632.0,84045,,-1,40.299187,-111.88246,4314.362571197739
175,550000.0,4.0,4.0,Saratoga Springs,SINGLE_FAMILY,2736.0,84045,,6,40.374435,-111.91483,3627.8206073818606
178,294000.0,2.0,3.0,Orem,CONDO,961.0,84057,,6,40.323044,-111.72675,1939.2350155823035
179,599900.0,4.0,4.0,Highland,TOWNHOUSE,3174.0,84003,,6,40.429478,-111.78788,3956.9628770334148
180,719990.0,3.0,4.0,American Fork,SINGLE_FAMILY,2950.0,84003,,6,40.395355,-111.79072,4749.081016561574
181,259000.0,2.0,3.0,Springville,CONDO,1075.0,84663,,6,40.14926,-111.642975,1708.373704203458
182,450000.0,1.0,2.0,Pleasant Grove,SINGLE_FAMILY,1118.0,84062,,6,40.357105,-111.72757,2968.216860585159
183,529900.0,3.0,3.0,Springville,SINGLE_FAMILY,2002.0,84663,"$5,100 (Nov 7)",-1,40.153454,-111.62669,3495.240254275723
184,649900.0,3.0,3.0,Eagle Mountain,SINGLE_FAMILY,3044.0,84005,,6,40.350063,-111.97272,4286.764750431766
185,3899973.0,9.0,7.0,Orem,SINGLE_FAMILY,27020.0,84097,,-1,40.3241,-111.684456,25724.368032059738
186,433030.0,3.0,3.0,Saratoga Springs,SINGLE_FAMILY,1464.0,84045,,6,,,2856.282104753758
187,469990.0,3.0,3.0,Saratoga Springs,SINGLE_FAMILY,1747.0,84045,,6,,,3100.0716495698193
190,1175000.0,4.0,5.0,Salem,SINGLE_FAMILY,4803.0,84653,,6,40.038097,-111.663475,7750.344024861247
191,549900.0,2.0,4.0,Pleasant Grove,SINGLE_FAMILY,2349.0,84062,,6,40.37271,-111.76594,3627.1610036350635
192,749900.0,4.0,4.0,Mapleton,SINGLE_FAMILY,3808.0,84664,,6,,,4946.368497228468
193,2490000.0,5.0,6.0,Alpine,SINGLE_FAMILY,6264.0,84004,,6,40.474586,-111.762375,16424.133295237876
194,8000000.0,8.0,6.0,Alpine,SINGLE_FAMILY,11592.0,84004,,6,40.485836,-111.74964,52768.299743736156
195,849000.0,3.0,6.0,Eagle Mountain,SINGLE_FAMILY,3289.0,84005,,-1,40.380592,-111.99598,5600.035810303999
196,1019000.0,3.0,4.0,Lehi,SINGLE_FAMILY,4430.0,84043,,6,,,6721.362179858393
197,599900.0,3.0,4.0,American Fork,SINGLE_FAMILY,3359.0,84003,,6,40.370922,-111.804825,3956.9628770334148
198,799900.0,2.0,3.0,Salem,SINGLE_FAMILY,4200.0,84653,,6,,,5276.170370626818
199,1550000.0,6.0,7.0,Salem,SINGLE_FAMILY,6381.0,84653,,6,40.0017,-111.65306,10223.85807534888
200,589000.0,3.0,3.0,Lehi,SINGLE_FAMILY,2675.0,84043,,-1,,,3885.066068632574
201,3000000.0,4.0,4.0,Salem,SINGLE_FAMILY,7807.0,84653,"$300,000 (Nov 2)",-1,40.010937,-111.6635,19788.112403901057
202,1350000.0,4.0,6.0,Saratoga Springs,SINGLE_FAMILY,4950.0,84045,"$100,000 (Sep 19)",-1,40.328213,-111.904854,8904.650581755475
203,625000.0,3.0,5.0,American Fork,SINGLE_FAMILY,2375.0,84003,,6,40.38403,-111.7856,4122.523417479387
204,323990.0,2.0,3.0,Santaquin,TOWNHOUSE,1311.0,84655,"$5,000 (Oct 20)",-1,39.95274,-111.8102,2137.050179246635
205,494990.0,3.0,3.0,American Fork,SINGLE_FAMILY,1742.0,84003,,7,40.355587,-111.82387,3264.972586268995
206,372990.0,3.0,3.0,Saratoga Springs,TOWNHOUSE,1508.0,84045,,-1,40.36616,-111.8912,2460.2560151770185
207,827900.0,3.0,5.0,Saratoga Springs,SINGLE_FAMILY,3080.0,84045,,-1,40.41,-111.9278,5460.859419729895
208,658000.0,4.0,5.0,Eagle Mountain,SINGLE_FAMILY,3239.0,84005,,-1,40.379898,-111.960106,4340.192653922299
209,1995000.0,2.0,3.0,Payson,SINGLE_FAMILY,1352.0,84651,,7,40.02501,-111.781006,13159.094748594203
210,249000.0,1.0,2.0,Orem,CONDO,790.0,84057,,7,40.315407,-111.72253,1642.4133295237878
211,379990.0,2.0,3.0,Saratoga Springs,TOWNHOUSE,1311.0,84045,,7,40.36621,-111.8911,2506.4282774527874
212,1999000.0,7.0,6.0,Saratoga Springs,SINGLE_FAMILY,5700.0,84045,,7,40.33182,-111.900444,13185.47889846607
213,399999.0,2.0,4.0,Lehi,SINGLE_FAMILY,1850.0,84043,,7,40.408184,-111.83967,2638.4083911493394
214,459900.0,4.0,4.0,Eagle Mountain,TOWNHOUSE,2455.0,84005,,7,40.38181,-111.96466,3033.517631518032
215,432990.0,3.0,4.0,Saratoga Springs,TOWNHOUSE,2019.0,84045,,7,,,2856.0182632550395
216,389990.0,2.0,3.0,Saratoga Springs,TOWNHOUSE,1399.0,84045,,7,40.36621,-111.8911,2572.3886521324575
217,431990.0,3.0,3.0,Saratoga Springs,TOWNHOUSE,2247.0,84045,,7,40.36621,-111.8911,2849.4222257870724
218,274900.0,2.0,3.0,Springville,CONDO,1075.0,84663,"$10,100 (Nov 7)",-1,40.149727,-111.64278,1813.2506999441337
219,469000.0,2.0,4.0,Lehi,SINGLE_FAMILY,1428.0,84043,,-1,40.382656,-111.859726,3093.541572476532
220,389000.0,1.0,3.0,Orem,SINGLE_FAMILY,1107.0,84057,,-1,40.306423,-111.71542,2565.8585750391703
221,749900.0,6.0,5.0,Orem,SINGLE_FAMILY,4464.0,84097,,-1,40.262424,-111.67861,4946.368497228468
222,457900.0,3.0,3.0,Lehi,TOWNHOUSE,2321.0,84043,,7,,,3020.325556582098
223,469900.0,3.0,4.0,Eagle Mountain,SINGLE_FAMILY,2416.0,84005,,7,40.29842,-112.01501,3099.478006197702
224,547000.0,3.0,5.0,Orem,SINGLE_FAMILY,2384.0,84058,,7,40.287056,-111.70854,3608.0324949779597
225,554990.0,3.0,4.0,Spanish Fork,SINGLE_FAMILY,3733.0,84660,,-1,40.09457,-111.5975,3660.734834347016
226,649900.0,2.0,5.0,Provo,SINGLE_FAMILY,3100.0,84601,,7,40.241688,-111.70388,4286.764750431766
227,574900.0,2.0,3.0,Salem,SINGLE_FAMILY,2880.0,84653,"$30,000 (Nov 3)",7,40.038624,-111.679695,3792.0619403342394
228,3590000.0,10.0,6.0,Alpine,SINGLE_FAMILY,9028.0,84004,,7,40.442146,-111.77221,23679.7745100016
229,584990.0,3.0,3.0,Santaquin,SINGLE_FAMILY,4086.0,84655,,7,39.96043,-111.7895,3858.6159583860267
230,814435.0,3.0,4.0,Mapleton,SINGLE_FAMILY,4315.0,84664,,-1,,,5372.043775223719
231,679900.0,3.0,3.0,Heber City,TOWNHOUSE,2690.0,84032,,7,,,4484.645874470776
232,361990.0,2.0,3.0,Spanish Fork,TOWNHOUSE,1399.0,84660,,-1,40.09435,-111.5975,2387.6996030293817
233,474990.0,3.0,3.0,Spanish Fork,SINGLE_FAMILY,3067.0,84660,"$4,000 (Nov 1)",-1,40.09435,-111.5975,3133.051836909655
234,829900.0,3.0,4.0,Mapleton,SINGLE_FAMILY,4541.0,84664,,-1,,,5474.0514946658295
235,333990.0,2.0,3.0,Santaquin,TOWNHOUSE,1399.0,84655,,-1,39.95274,-111.8102,2203.010553926305
236,659900.0,3.0,3.0,Heber City,TOWNHOUSE,2690.0,84032,,7,,,4352.725125111436
237,629900.0,3.0,3.0,Heber City,TOWNHOUSE,2110.0,84032,,7,,,4154.844001072425
238,609900.0,3.0,3.0,Heber City,TOWNHOUSE,2422.0,84032,,7,,,4022.923251713085
239,703010.0,3.0,4.0,Lehi,SINGLE_FAMILY,3733.0,84043,,7,40.39581,-111.907,4637.080300355495
240,609900.0,3.0,3.0,Heber City,TOWNHOUSE,2422.0,84032,,7,,,4022.923251713085
241,799900.0,4.0,6.0,Vineyard,SINGLE_FAMILY,3904.0,84059,,7,40.293896,-111.75332,5276.170370626818
242,415000.0,3.0,3.0,Lehi,TOWNHOUSE,2114.0,84043,,7,40.411564,-111.86235,2737.355549206313
243,874990.0,4.0,5.0,Mapleton,SINGLE_FAMILY,6024.0,84664,,-1,40.10225,-111.59408,5771.466824096462
244,623990.0,3.0,3.0,American Fork,SINGLE_FAMILY,2008.0,84003,,-1,40.414955,-111.774025,4115.861419636741
245,574990.0,3.0,3.0,American Fork,SINGLE_FAMILY,2451.0,84003,,-1,40.359512,-111.80194,3792.6555837063565
246,579990.0,3.0,3.0,Santaquin,SINGLE_FAMILY,4086.0,84655,"$10,000 (Oct 27)",-1,39.96022,-111.7896,3825.6357710461916
247,589242.0,3.0,4.0,Salem,SINGLE_FAMILY,2660.0,84653,,-1,40.08217,-111.67614,3886.6623096998223
248,478990.0,3.0,3.0,Eagle Mountain,SINGLE_FAMILY,2680.0,84005,,-1,40.32013,-112.02189,3159.4359867815224
249,786900.0,3.0,5.0,Saratoga Springs,SINGLE_FAMILY,2768.0,84045,,-1,40.41,-111.9278,5190.4218835432475
250,455950.0,3.0,3.0,Pleasant Grove,SINGLE_FAMILY,1830.0,84062,,-1,40.366817,-111.76054,3007.463283519562
251,440000.0,3.0,3.0,Spanish Fork,TOWNHOUSE,1957.0,84660,,-1,40.097652,-111.611046,2902.2564859054887
252,1114995.0,8.0,6.0,Lehi,SINGLE_FAMILY,5788.0,84043,,-1,40.455418,-111.88036,7354.548796595886
253,609900.0,2.0,3.0,Saratoga Springs,SINGLE_FAMILY,1768.0,84045,,-1,40.4099,-111.9317,4022.923251713085
254,6700000.0,7.0,9.0,Alpine,SINGLE_FAMILY,13354.0,84004,,8,40.441658,-111.75581,44193.45103537903
255,549990.0,3.0,3.0,Lehi,SINGLE_FAMILY,3067.0,84043,,-1,40.39999,-111.9072,3627.7546470071807
256,510990.0,3.0,4.0,Eagle Mountain,SINGLE_FAMILY,2660.0,84005,,-1,40.324318,-112.01573,3370.509185756467
257,2400000.0,5.0,4.0,Draper,SINGLE_FAMILY,6020.0,84020,,8,40.483326,-111.81942,15830.489923120847
259,580000.0,3.0,4.0,Lehi,SINGLE_FAMILY,2373.0,84043,,-1,40.365765,-111.863174,3825.701731420871
260,1085000.0,4.0,6.0,Highland,SINGLE_FAMILY,4445.0,84003,,-1,40.438023,-111.79296,7156.700652744215
261,1350000.0,4.0,5.0,Payson,SINGLE_FAMILY,5326.0,84651,,8,40.02505,-111.78835,8904.650581755475
262,365000.0,2.0,3.0,American Fork,TOWNHOUSE,1299.0,84003,,8,40.38611,-111.81376,2407.553675807962
263,855000.0,4.0,6.0,Lehi,SINGLE_FAMILY,4069.0,84043,"$20,000 (Nov 8)",-1,40.439445,-111.85678,5639.612035111802
264,454000.0,2.0,4.0,Santaquin,SINGLE_FAMILY,2060.0,84655,"$6,000 (Oct 31)",-1,39.98376,-111.793396,2994.601010457027
265,500000.0,3.0,3.0,Santaquin,SINGLE_FAMILY,2385.0,84655,,-1,39.981594,-111.836716,3298.0187339835097
266,500000.0,3.0,4.0,Santaquin,SINGLE_FAMILY,2962.0,84655,,8,39.99416,-111.78751,3298.0187339835097
269,310000.0,3.0,3.0,Provo,TOWNHOUSE,1552.0,84606,,8,40.22764,-111.65583,2044.771615069776
270,749990.0,4.0,4.0,Eagle Mountain,SINGLE_FAMILY,4740.0,84005,,-1,40.32264,-112.02867,4946.9621406005845
271,524900.0,2.0,5.0,Springville,SINGLE_FAMILY,2700.0,84663,,8,40.159996,-111.595024,3462.2600669358885
272,482000.0,2.0,4.0,Provo,SINGLE_FAMILY,1876.0,84601,,8,40.24388,-111.70809,3179.290059560103
273,550000.0,4.0,4.0,Payson,SINGLE_FAMILY,3130.0,84651,,8,40.030228,-111.72382,3627.8206073818606
274,461900.0,3.0,3.0,Lehi,TOWNHOUSE,2370.0,84043,,8,40.393673,-111.82818,3046.709706453966
275,750000.0,4.0,5.0,Salem,SINGLE_FAMILY,3250.0,84653,,8,40.03888,-111.684074,4947.028100975264
276,1650000.0,5.0,7.0,Highland,SINGLE_FAMILY,4770.0,84003,,8,40.411552,-111.8218,10883.461822145582
277,824990.0,4.0,4.0,Mapleton,SINGLE_FAMILY,4883.0,84664,,-1,40.10225,-111.59408,5441.664950698111
278,605990.0,3.0,3.0,American Fork,SINGLE_FAMILY,1796.0,84003,,-1,40.414955,-111.774025,3997.1327452133337
279,541990.0,3.0,3.0,American Fork,SINGLE_FAMILY,2188.0,84003,,-1,40.359512,-111.80194,3574.9863472634447
280,468990.0,3.0,4.0,Eagle Mountain,SINGLE_FAMILY,2490.0,84005,,-1,40.32013,-112.02189,3093.475612101852
281,380000.0,3.0,2.0,Spanish Fork,TOWNHOUSE,1463.0,84660,,-1,40.097652,-111.611046,2506.4942378274673
282,1194995.0,7.0,6.0,Lehi,SINGLE_FAMILY,6172.0,84043,,-1,40.455418,-111.88036,7882.231794033249
283,514990.0,3.0,3.0,American Fork,SINGLE_FAMILY,2188.0,84003,,-1,40.355587,-111.82387,3396.8933356283355
284,1250000.0,4.0,6.0,Provo,SINGLE_FAMILY,4901.0,84604,,-1,40.289333,-111.634186,8245.046834958774
285,409900.0,1.0,3.0,Springville,SINGLE_FAMILY,1852.0,84663,"$10,000 (Nov 8)",-1,40.16704,-111.61551,2703.715758119681
287,424000.0,2.0,2.0,Salem,SINGLE_FAMILY,1644.0,84653,"$5,000 (Nov 7)",-1,40.0445,-111.67897,2796.7198864180164
288,1000000.0,4.0,5.0,Lehi,SINGLE_FAMILY,4980.0,84043,,9,40.369312,-111.85196,6596.037467967019
289,649000.0,2.0,3.0,Saratoga Springs,SINGLE_FAMILY,3888.0,84045,,-1,40.306953,-111.887344,4280.828316710596
290,565000.0,3.0,6.0,Provo,SINGLE_FAMILY,3120.0,84604,,9,40.253185,-111.693344,3726.761169401366
292,780000.0,5.0,6.0,Springville,SINGLE_FAMILY,4892.0,84663,,9,40.133923,-111.60974,5144.909225014275
293,700000.0,4.0,4.0,Payson,SINGLE_FAMILY,3301.0,84651,,9,40.01308,-111.73683,4617.2262275769135
294,594046.0,2.0,3.0,Eagle Mountain,SINGLE_FAMILY,3711.0,84005,,9,40.322655,-112.023254,3918.3496736959355
295,374999.0,2.0,3.0,Vineyard,TOWNHOUSE,1309.0,84059,,9,40.30082,-111.73533,2473.5074544501645
296,472900.0,3.0,3.0,Lehi,TOWNHOUSE,2321.0,84043,,9,40.409954,-111.88285,3119.2661186016035
297,458900.0,3.0,3.0,Lehi,TOWNHOUSE,2280.0,84043,,9,40.409954,-111.88285,3026.9215940500653
298,471900.0,3.0,3.0,Lehi,TOWNHOUSE,2321.0,84043,,9,40.409954,-111.88285,3112.6700811336364
299,574990.0,2.0,3.0,Mapleton,SINGLE_FAMILY,3140.0,84664,,9,40.132362,-111.605515,3792.6555837063565
300,575000.0,4.0,6.0,Eagle Mountain,SINGLE_FAMILY,2984.0,84005,,9,40.355507,-112.00633,3792.721544081036
301,524900.0,4.0,5.0,Eagle Mountain,TOWNHOUSE,2590.0,84005,,9,40.382153,-111.98956,3462.2600669358885
302,448900.0,3.0,3.0,Eagle Mountain,TOWNHOUSE,1570.0,84005,,9,40.381226,-111.98088,2960.961219370395
303,839000.0,4.0,5.0,Highland,SINGLE_FAMILY,4603.0,84003,,9,40.43006,-111.80315,5534.075435624329
304,659900.0,3.0,4.0,Payson,SINGLE_FAMILY,3782.0,84651,,9,40.038433,-111.713646,4352.725125111436
305,478990.0,2.0,3.0,American Fork,SINGLE_FAMILY,1455.0,84003,,9,40.359512,-111.80194,3159.4359867815224
306,455000.0,3.0,3.0,Spanish Fork,TOWNHOUSE,1901.0,84660,,-1,40.097652,-111.611046,3001.1970479249935
307,213000.0,2.0,2.0,Provo,TOWNHOUSE,1100.0,84601,"$12,000 (Nov 9)",-1,40.242977,-111.68387,1404.955980676975
308,499900.0,2.0,4.0,American Fork,SINGLE_FAMILY,1650.0,84003,,10,40.379246,-111.78934,3297.3591302367126
309,515990.0,3.0,3.0,American Fork,SINGLE_FAMILY,1742.0,84003,,-1,40.359512,-111.80194,3403.489373096302
310,1224995.0,4.0,4.0,Saratoga Springs,SINGLE_FAMILY,5767.0,84045,,-1,40.404587,-111.94157,8080.112918072258
311,1074995.0,3.0,3.0,Saratoga Springs,SINGLE_FAMILY,4881.0,84045,,-1,40.404587,-111.94157,7090.707297877206
312,1069995.0,4.0,4.0,Saratoga Springs,SINGLE_FAMILY,4302.0,84045,,-1,40.404587,-111.94157,7057.727110537371
313,909995.0,2.0,3.0,Saratoga Springs,SINGLE_FAMILY,3858.0,84045,,-1,40.404587,-111.94157,6002.361115662648
314,1268995.0,5.0,4.0,Saratoga Springs,SINGLE_FAMILY,5889.0,84045,,-1,40.404587,-111.94157,8370.338566662807
315,1089995.0,5.0,3.0,Saratoga Springs,SINGLE_FAMILY,4923.0,84045,,-1,40.404587,-111.94157,7189.647859896711
316,1109995.0,3.0,2.0,Saratoga Springs,SINGLE_FAMILY,5788.0,84045,,-1,40.404587,-111.94157,7321.568609256052
317,556990.0,3.0,4.0,American Fork,SINGLE_FAMILY,2577.0,84003,,-1,40.355587,-111.82387,3673.92690928295
318,474999.0,2.0,3.0,Goshen,SINGLE_FAMILY,3618.0,84633,,11,39.945538,-111.90346,3133.111201246866
319,869900.0,4.0,4.0,Mapleton,SINGLE_FAMILY,4430.0,84664,,-1,,,5737.89299338451
320,549900.0,4.0,5.0,Eagle Mountain,SINGLE_FAMILY,3922.0,84005,"$10,000 (Nov 8)",-1,,,3627.1610036350635
321,464990.0,3.0,3.0,American Fork,SINGLE_FAMILY,1617.0,84003,,-1,40.36328,-111.80183,3067.0914622299847
322,471125.0,3.0,3.0,American Fork,TOWNHOUSE,1901.0,84003,,11,40.378487,-111.82354,3107.558152095962
323,540000.0,3.0,4.0,Springville,SINGLE_FAMILY,2556.0,84663,,11,40.14804,-111.6385,3561.8602327021904
324,420000.0,3.0,4.0,Eagle Mountain,TOWNHOUSE,2046.0,84005,,11,40.34878,-111.96249,2770.335736546148
325,395000.0,2.0,3.0,Orem,SINGLE_FAMILY,1175.0,84057,,11,40.306797,-111.69685,2605.4347998469725
326,1490000.0,5.0,6.0,Lehi,SINGLE_FAMILY,6550.0,84043,,11,40.447933,-111.86823,9828.095827270858
327,476623.0,3.0,4.0,Saratoga Springs,SINGLE_FAMILY,2786.0,84045,,11,40.31965,-111.90763,3143.8231660948445
328,480739.0,3.0,4.0,Saratoga Springs,SINGLE_FAMILY,2990.0,84045,,11,40.31965,-111.90763,3170.972456312997
329,679000.0,2.0,5.0,Salem,SINGLE_FAMILY,3163.0,84653,"$10,000 (Nov 7)",-1,40.03988,-111.671234,4478.709440749606
330,619900.0,3.0,6.0,Orem,SINGLE_FAMILY,2667.0,84058,,11,40.264874,-111.68568,4088.883626392755
331,430000.0,2.0,4.0,Spanish Fork,SINGLE_FAMILY,1796.0,84660,,11,40.117302,-111.64657,2836.2961112258185
332,385000.0,2.0,2.0,Provo,CONDO,1091.0,84606,,11,40.217804,-111.6217,2539.4744251673023
333,712708.0,3.0,4.0,American Fork,SINGLE_FAMILY,2499.0,84003,,11,40.39543,-111.7718,4701.048671719838
334,432990.0,3.0,4.0,Saratoga Springs,TOWNHOUSE,2019.0,84045,,-1,40.36616,-111.8912,2856.0182632550395
335,372990.0,4.0,3.0,Saratoga Springs,TOWNHOUSE,1508.0,84045,,-1,40.36616,-111.8912,2460.2560151770185
336,380000.0,2.0,2.0,American Fork,TOWNHOUSE,1218.0,84003,,11,40.37855,-111.80937,2506.4942378274673
338,1600000.0,5.0,7.0,Springville,SINGLE_FAMILY,5566.0,84663,,11,40.15895,-111.57357,10553.65994874723
339,456990.0,3.0,3.0,Eagle Mountain,SINGLE_FAMILY,2300.0,84005,,-1,40.32013,-112.02189,3014.3231624862483
340,665000.0,5.0,7.0,Orem,SINGLE_FAMILY,2916.0,84057,"$30,000 (Oct 28)",-1,40.298405,-111.711075,4386.3649161980675
341,2800000.0,5.0,5.0,Saratoga Springs,SINGLE_FAMILY,6250.0,84045,,12,40.33348,-111.903824,18468.904910307654
343,399900.0,3.0,3.0,Vineyard,TOWNHOUSE,1845.0,84059,,12,40.308216,-111.7531,2637.7553834400105
344,350000.0,1.0,3.0,Orem,SINGLE_FAMILY,1066.0,84057,"$10,000 (Nov 6)",-1,40.29956,-111.71456,2308.6131137884568
345,549900.0,3.0,5.0,Eagle Mountain,SINGLE_FAMILY,2621.0,84005,$100 (Nov 2),-1,40.352,-111.96817,3627.1610036350635
346,389000.0,1.0,2.0,Payson,SINGLE_FAMILY,960.0,84651,,12,40.046062,-111.72624,2565.8585750391703
347,735000.0,3.0,4.0,Vineyard,SINGLE_FAMILY,3201.0,84059,,12,40.297356,-111.74877,4848.08753895576
348,525000.0,2.0,2.0,Pleasant Grove,TOWNHOUSE,1629.0,84062,,12,40.362534,-111.75333,3462.919670682685
349,339900.0,3.0,3.0,Payson,TOWNHOUSE,1266.0,84651,,12,40.0214,-111.74553,2241.99313536199
351,540000.0,4.0,4.0,Springville,SINGLE_FAMILY,2840.0,84663,,-1,40.160637,-111.58276,3561.8602327021904
352,474900.0,3.0,4.0,American Fork,TOWNHOUSE,1991.0,84003,"$28,849 (Nov 7)",-1,40.398346,-111.85621,3132.458193537537
354,499990.0,3.0,3.0,Pleasant Grove,SINGLE_FAMILY,1831.0,84062,,12,40.366817,-111.76054,3297.95277360883
355,6000000.0,7.0,5.0,Salem,SINGLE_FAMILY,14500.0,84653,,12,,,39576.224807802115
357,699900.0,4.0,5.0,Pleasant Grove,SINGLE_FAMILY,3003.0,84062,,12,40.385593,-111.75219,4616.566623830116
358,429000.0,3.0,3.0,Provo,TOWNHOUSE,2322.0,84606,,12,40.217316,-111.63427,2829.700073757851
359,425000.0,1.0,3.0,Orem,SINGLE_FAMILY,1461.0,84057,,12,40.306023,-111.712814,2803.315923885983
360,259000.0,1.0,1.0,American Fork,CONDO,930.0,84003,,12,40.367737,-111.77166,1708.373704203458
361,450000.0,1.0,2.0,Orem,SINGLE_FAMILY,1197.0,84097,,12,40.284054,-111.68231,2968.216860585159
362,370000.0,2.0,3.0,Orem,CONDO,1449.0,84057,,12,40.31555,-111.71898,2440.533863147797
363,908785.0,5.0,5.0,Mapleton,SINGLE_FAMILY,4262.0,84664,,12,,,5994.379910326407
364,549900.0,3.0,4.0,Pleasant Grove,SINGLE_FAMILY,2665.0,84062,,12,40.36733,-111.7613,3627.1610036350635
365,709640.0,3.0,3.0,Mapleton,TOWNHOUSE,2412.0,84664,,12,,,4680.812028768116
366,651300.0,2.0,2.0,Mapleton,TOWNHOUSE,1903.0,84664,,12,,,4295.99920288692
367,1599000.0,4.0,6.0,Springville,SINGLE_FAMILY,5502.0,84663,,12,40.15747,-111.61602,10547.063911279263
368,620000.0,3.0,4.0,Saratoga Springs,SINGLE_FAMILY,3012.0,84045,,12,40.411667,-111.92835,4089.543230139552
369,514900.0,2.0,3.0,Eagle Mountain,SINGLE_FAMILY,1540.0,84005,,12,,,3396.2996922562183
370,465000.0,3.0,4.0,Payson,SINGLE_FAMILY,2768.0,84651,,12,40.03056,-111.72788,3067.1574226046637
371,651650.0,2.0,2.0,Mapleton,TOWNHOUSE,1923.0,84664,,12,,,4298.307816000708
372,595000.0,2.0,3.0,Alpine,SINGLE_FAMILY,2189.0,84004,,12,40.457077,-111.77242,3924.6422934403763
374,350000.0,3.0,3.0,Santaquin,TOWNHOUSE,1861.0,84655,,12,39.975616,-111.79245,2308.6131137884568
375,1100000.0,4.0,7.0,Lindon,SINGLE_FAMILY,5054.0,84042,,12,40.343437,-111.69079,7255.641214763721
376,361990.0,2.0,3.0,Spanish Fork,TOWNHOUSE,1399.0,84660,,-1,40.09435,-111.5975,2387.6996030293817
380,1900000.0,4.0,7.0,Cedar Hills,SINGLE_FAMILY,6131.0,84062,,12,40.41578,-111.75059,12532.471189137335
381,574990.0,3.0,4.0,American Fork,SINGLE_FAMILY,2577.0,84003,,-1,40.359512,-111.80194,3792.6555837063565
382,578900.0,3.0,3.0,Saratoga Springs,SINGLE_FAMILY,1824.0,84045,,-1,40.4119,-111.9299,3818.446090206108
383,399000.0,2.0,3.0,Springville,TOWNHOUSE,1388.0,84663,,12,40.154915,-111.60211,2631.8189497188405
384,399000.0,2.0,3.0,Springville,TOWNHOUSE,1388.0,84663,,12,40.154915,-111.60222,2631.8189497188405
385,1290000.0,4.0,6.0,Alpine,SINGLE_FAMILY,4351.0,84004,"$60,000 (Nov 8)",-1,40.43941,-111.76426,8508.888333677454
386,380000.0,2.0,3.0,American Fork,TOWNHOUSE,1383.0,84003,,13,40.367004,-111.82442,2506.4942378274673
388,699000.0,2.0,3.0,Orem,SINGLE_FAMILY,3270.0,84058,"$21,000 (Nov 6)",-1,40.288513,-111.701294,4610.630190108946
389,539900.0,3.0,3.0,Eagle Mountain,SINGLE_FAMILY,3492.0,84005,"$10,000 (Nov 6)",13,,,3561.2006289553933
390,799900.0,3.0,5.0,Saratoga Springs,SINGLE_FAMILY,4445.0,84045,"$19,000 (Nov 6)",13,,,5276.170370626818
391,449900.0,2.0,3.0,Eagle Mountain,SINGLE_FAMILY,2278.0,84005,"$10,000 (Nov 6)",13,40.29842,-112.01501,2967.557256838362
392,489900.0,3.0,4.0,Eagle Mountain,SINGLE_FAMILY,3017.0,84005,"$10,000 (Nov 6)",13,40.29842,-112.01501,3231.3987555570425
393,599900.0,2.0,3.0,Eagle Mountain,SINGLE_FAMILY,4184.0,84005,"$20,000 (Nov 6)",13,,,3956.9628770334148
394,639900.0,3.0,4.0,Eagle Mountain,SINGLE_FAMILY,4145.0,84005,"$10,000 (Nov 6)",13,,,4220.804375752095
395,499500.0,3.0,5.0,Spanish Fork,SINGLE_FAMILY,2200.0,84660,,13,40.12283,-111.626564,3294.720715249526
396,1250000.0,4.0,5.0,Lehi,SINGLE_FAMILY,4444.0,84043,,13,40.39944,-111.89204,8245.046834958774
397,550000.0,3.0,5.0,Orem,SINGLE_FAMILY,2486.0,84057,,-1,40.330383,-111.70505,3627.8206073818606
398,950000.0,4.0,6.0,Highland,SINGLE_FAMILY,5410.0,84003,,13,40.424843,-111.76889,6266.235594568668
399,595000.0,3.0,4.0,Saratoga Springs,SINGLE_FAMILY,2301.0,84045,,13,40.359444,-111.91296,3924.6422934403763
400,949000.0,4.0,6.0,Lehi,SINGLE_FAMILY,4673.0,84043,"$1,000 (Oct 20)",-1,40.44663,-111.887474,6259.639557100701
401,929000.0,4.0,5.0,Saratoga Springs,SINGLE_FAMILY,3698.0,84045,,13,40.309124,-111.88579,6127.71880774136
402,434990.0,3.0,3.0,Provo,TOWNHOUSE,1555.0,84604,"$7,865 (Nov 1)",-1,40.20811,-111.6714,2869.2103381909737
403,434990.0,3.0,3.0,Provo,TOWNHOUSE,1555.0,84604,"$7,865 (Nov 1)",-1,40.20811,-111.6714,2869.2103381909737
404,444990.0,3.0,3.0,Provo,TOWNHOUSE,1555.0,84604,"$8,090 (Nov 1)",-1,40.20811,-111.6714,2935.170712870644
405,405000.0,1.0,4.0,Payson,SINGLE_FAMILY,1558.0,84651,"$5,000 (Nov 6)",-1,40.047398,-111.73116,2671.3951745266427
406,1499999.0,3.0,4.0,Payson,SINGLE_FAMILY,2375.0,84651,,13,40.057735,-111.75912,9894.04960591306
407,444990.0,3.0,3.0,Provo,TOWNHOUSE,1555.0,84604,"$8,090 (Nov 1)",-1,40.20811,-111.6714,2935.170712870644
408,399999.0,1.0,3.0,Lehi,SINGLE_FAMILY,854.0,84043,,13,40.399044,-111.84448,2638.4083911493394
409,395000.0,1.0,2.0,Provo,SINGLE_FAMILY,696.0,84604,,13,40.24487,-111.66907,2605.4347998469725
410,500000.0,2.0,3.0,Saratoga Springs,SINGLE_FAMILY,1456.0,84045,,13,40.29726,-111.88786,3298.0187339835097
411,549990.0,2.0,3.0,Saratoga Springs,SINGLE_FAMILY,3332.0,84045,,13,40.36906,-111.930145,3627.7546470071807
412,609950.0,3.0,4.0,Lehi,SINGLE_FAMILY,2238.0,84043,,13,40.367905,-111.85271,4023.2530535864835
414,840000.0,3.0,5.0,Eagle Mountain,SINGLE_FAMILY,3376.0,84005,,13,40.38115,-112.00096,5540.671473092296
415,814900.0,3.0,5.0,Saratoga Springs,SINGLE_FAMILY,4145.0,84045,,13,,,5375.110932646324
416,400000.0,3.0,4.0,Eagle Mountain,SINGLE_FAMILY,1733.0,84005,,13,40.356804,-111.96525,2638.4149871868076
417,725000.0,3.0,4.0,Salem,SINGLE_FAMILY,3930.0,84653,,13,40.02963,-111.67885,4782.1271642760885
418,2450000.0,5.0,5.0,Draper,SINGLE_FAMILY,6791.0,84020,,13,40.472946,-111.834076,16160.291796519197
419,399400.0,3.0,3.0,Provo,TOWNHOUSE,1736.0,84604,,13,40.248028,-111.69304,2634.457364706028
420,460000.0,2.0,4.0,Pleasant Grove,SINGLE_FAMILY,2597.0,84062,,13,40.3665,-111.74555,3034.177235264829
421,1293995.0,5.0,6.0,Lehi,SINGLE_FAMILY,4768.0,84043,,13,40.444122,-111.868355,8535.239503361983
422,2100000.0,4.0,5.0,Alpine,SINGLE_FAMILY,7870.0,84004,,13,40.44265,-111.78507,13851.67868273074
423,499990.0,3.0,3.0,Lehi,SINGLE_FAMILY,2945.0,84043,"$4,985 (Nov 1)",-1,,,3297.95277360883
424,923995.0,3.0,5.0,Lehi,SINGLE_FAMILY,3858.0,84043,,-1,40.455418,-111.88036,6094.705640214186
425,440000.0,3.0,3.0,Spanish Fork,TOWNHOUSE,2041.0,84660,,-1,40.097652,-111.611046,2902.2564859054887
426,540000.0,4.0,5.0,Eagle Mountain,SINGLE_FAMILY,3428.0,84045,,14,40.357853,-111.94528,3561.8602327021904
427,308000.0,2.0,3.0,Provo,CONDO,1100.0,84604,,14,40.253826,-111.67412,2031.5795401338419
428,520000.0,3.0,5.0,Spanish Fork,SINGLE_FAMILY,2576.0,84660,,14,40.10547,-111.63603,3429.93948334285
429,446990.0,3.0,3.0,American Fork,SINGLE_FAMILY,1427.0,84003,,14,40.36328,-111.80183,2948.362787806578
430,481140.0,3.0,3.0,American Fork,TOWNHOUSE,1896.0,84003,,14,40.39554,-111.80686,3173.6174673376518
431,1529000.0,5.0,6.0,Highland,SINGLE_FAMILY,5144.0,84003,,14,40.459866,-111.80484,10085.341288521573
432,599000.0,3.0,4.0,Eagle Mountain,SINGLE_FAMILY,3353.0,84005,"$1,000 (Nov 6)",-1,40.323578,-112.02565,3951.0264433122443
433,479900.0,2.0,4.0,Provo,SINGLE_FAMILY,1678.0,84601,,14,40.246887,-111.712326,3165.4383808773723
434,649900.0,4.0,5.0,Payson,SINGLE_FAMILY,3249.0,84651,,14,40.01459,-111.73481,4286.764750431766
435,415000.0,2.0,3.0,Lehi,TOWNHOUSE,1454.0,84043,,14,40.39561,-111.910515,2737.355549206313
436,699000.0,4.0,5.0,Lehi,SINGLE_FAMILY,3900.0,84043,,14,40.416588,-111.890495,4610.630190108946
437,647990.0,3.0,5.0,Eagle Mountain,SINGLE_FAMILY,2665.0,84005,,-1,40.324318,-112.01573,4274.166318867949
438,850000.0,4.0,7.0,Saratoga Springs,SINGLE_FAMILY,5718.0,84045,,14,40.33522,-111.910126,5606.631847771966
439,425000.0,2.0,5.0,Spanish Fork,SINGLE_FAMILY,2880.0,84660,,14,40.114185,-111.64094,2803.315923885983
440,419900.0,3.0,3.0,Eagle Mountain,TOWNHOUSE,2305.0,84005,,14,40.35082,-111.95036,2769.6761327993513
441,695000.0,3.0,4.0,Lehi,SINGLE_FAMILY,3255.0,84043,,14,40.41826,-111.91774,4584.246040237078
442,589900.0,2.0,3.0,Eagle Mountain,SINGLE_FAMILY,3231.0,84005,"$10,000 (Oct 27)",14,,,3891.0025023537446
443,850000.0,3.0,5.0,Highland,SINGLE_FAMILY,3276.0,84003,"$10,000 (Nov 3)",-1,40.407444,-111.80799,5606.631847771966
444,469900.0,3.0,4.0,Eagle Mountain,SINGLE_FAMILY,2416.0,84005,,14,40.298607,-112.01477,3099.478006197702
446,479900.0,3.0,4.0,Saratoga Springs,SINGLE_FAMILY,2004.0,84045,,14,40.293278,-111.885315,3165.4383808773723
447,1550000.0,4.0,4.0,American Fork,SINGLE_FAMILY,5849.0,84003,,14,40.385544,-111.81639,10223.85807534888
448,299000.0,2.0,3.0,Provo,CONDO,1120.0,84604,,14,40.2566,-111.67476,1972.2152029221386
449,496990.0,2.0,3.0,American Fork,SINGLE_FAMILY,1626.0,84003,,14,40.359512,-111.80194,3278.164661204929
450,444900.0,4.0,3.0,Saratoga Springs,TOWNHOUSE,1793.0,84045,,14,40.319637,-111.89901,2934.5770694985267
451,425990.0,3.0,3.0,Eagle Mountain,SINGLE_FAMILY,1830.0,84005,,-1,40.324318,-112.01573,2809.8460009792702
452,874900.0,4.0,6.0,Saratoga Springs,SINGLE_FAMILY,3799.0,84043,"$24,100 (Nov 2)",-1,40.44673,-111.88781,5770.873180724345
454,559990.0,3.0,3.0,American Fork,SINGLE_FAMILY,2021.0,84003,,15,40.35773,-111.819115,3693.715021686851
455,589000.0,3.0,5.0,Lehi,SINGLE_FAMILY,2744.0,84043,"$10,900 (Nov 2)",-1,,,3885.066068632574
456,500000.0,2.0,5.0,Orem,SINGLE_FAMILY,2236.0,84058,,15,40.28078,-111.697815,3298.0187339835097
457,475000.0,2.0,4.0,American Fork,SINGLE_FAMILY,2071.0,84003,"$10,000 (Nov 4)",-1,40.37019,-111.78944,3133.117797284334
458,510475.0,3.0,3.0,Lindon,TOWNHOUSE,2392.0,84042,$200 (Nov 7),15,,,3367.112226460464
459,519900.0,3.0,4.0,Eagle Mountain,SINGLE_FAMILY,2170.0,84005,,15,40.351475,-111.97305,3429.279879596053
460,620000.0,4.0,5.0,Saratoga Springs,SINGLE_FAMILY,2891.0,84045,,15,40.28654,-111.87766,4089.543230139552
461,520000.0,4.0,4.0,Provo,SINGLE_FAMILY,2219.0,84601,,15,40.253716,-111.70256,3429.93948334285
462,2850000.0,7.0,5.0,Alpine,SINGLE_FAMILY,9439.0,84004,,15,40.458447,-111.79043,18798.706783706006
469,549990.0,3.0,3.0,Lehi,SINGLE_FAMILY,3067.0,84043,,-1,40.39999,-111.9072,3627.7546470071807
470,322900.0,2.0,3.0,Saratoga Springs,CONDO,1272.0,84045,,15,,,2129.8604984065505
471,610000.0,3.0,5.0,Lehi,SINGLE_FAMILY,2712.0,84043,,15,40.441547,-111.89209,4023.582855459882
472,461900.0,3.0,3.0,Lehi,TOWNHOUSE,2370.0,84043,,15,,,3046.709706453966
474,609555.0,2.0,3.0,Vineyard,CONDO,1972.0,84059,,15,40.306046,-111.75805,4020.6476187866365
475,2999000.0,4.0,5.0,Saratoga Springs,SINGLE_FAMILY,7643.0,84045,,15,40.332214,-111.901146,19781.51636643309
476,1021995.0,5.0,6.0,Lehi,SINGLE_FAMILY,4302.0,84043,,-1,40.455418,-111.88036,6741.117312074954
477,460990.0,2.0,3.0,Eagle Mountain,SINGLE_FAMILY,1880.0,84005,,-1,40.32013,-112.02189,3040.7073123581163
478,630000.0,3.0,4.0,Mapleton,SINGLE_FAMILY,2695.0,84663,"$5,000 (Nov 7)",-1,40.155254,-111.62818,4155.503604819222
479,559900.0,3.0,4.0,Eagle Mountain,SINGLE_FAMILY,3403.0,84005,,16,40.306786,-111.98834,3693.1213783147336
480,479000.0,2.0,3.0,Provo,SINGLE_FAMILY,2432.0,84606,,-1,40.235905,-111.64342,3159.5019471562023
481,525000.0,3.0,3.0,Eagle Mountain,SINGLE_FAMILY,2804.0,84005,,-1,40.299778,-112.01386,3462.919670682685
482,549990.0,3.0,3.0,American Fork,SINGLE_FAMILY,2289.0,84003,,16,40.36989,-111.81718,3627.7546470071807
483,441990.0,3.0,3.0,Saratoga Springs,TOWNHOUSE,2187.0,84045,,-1,40.36616,-111.8912,2915.3826004667426
484,6999000.0,7.0,6.0,Alpine,SINGLE_FAMILY,8000.0,84004,,16,40.46311,-111.795456,46165.666238301164
485,405000.0,3.0,3.0,Pleasant Grove,TOWNHOUSE,1500.0,84062,,16,40.3604,-111.754074,2671.3951745266427
486,380000.0,1.0,3.0,Provo,SINGLE_FAMILY,1050.0,84601,,16,40.224586,-111.667076,2506.4942378274673
487,529990.0,3.0,3.0,American Fork,SINGLE_FAMILY,1949.0,84003,,16,40.36989,-111.81718,3495.8338976478403
488,749900.0,3.0,5.0,Saratoga Springs,SINGLE_FAMILY,4161.0,84045,,16,40.30337,-111.897354,4946.368497228468
489,509900.0,3.0,3.0,Saratoga Springs,SINGLE_FAMILY,2278.0,84045,,16,,,3363.319504916383
490,629500.0,3.0,5.0,Draper,SINGLE_FAMILY,3157.0,84020,,16,,,4152.205586085239
491,299999.0,2.0,3.0,Provo,CONDO,1120.0,84604,,16,40.256977,-111.67369,1978.8046443526378
492,1100000.0,3.0,4.0,Lehi,SINGLE_FAMILY,5605.0,84043,,16,40.40111,-111.82382,7255.641214763721
493,459900.0,2.0,3.0,Lehi,SINGLE_FAMILY,1443.0,84043,,16,40.395554,-111.84227,3033.517631518032
494,504990.0,3.0,3.0,Saratoga Springs,SINGLE_FAMILY,2696.0,84045,"$3,985 (Nov 1)",-1,40.36616,-111.8912,3330.9329609486654
496,554990.0,3.0,3.0,American Fork,SINGLE_FAMILY,2451.0,84003,,-1,40.355587,-111.82387,3660.734834347016
497,699000.0,3.0,6.0,Orem,SINGLE_FAMILY,2728.0,84057,,17,40.306602,-111.69312,4610.630190108946
498,486900.0,3.0,3.0,Eagle Mountain,SINGLE_FAMILY,1873.0,84005,,-1,40.2962,-112.0136,3211.6106431531416
499,520000.0,3.0,5.0,Spanish Fork,SINGLE_FAMILY,2196.0,84660,"$10,000 (Nov 3)",-1,40.09422,-111.61538,3429.93948334285
500,309900.0,1.0,2.0,Springville,CONDO,980.0,84663,,17,40.161064,-111.654015,2044.1120113229792
501,865000.0,4.0,6.0,Orem,SINGLE_FAMILY,4643.0,84057,"$19,900 (Oct 27)",-1,40.32753,-111.7147,5705.572409791472
502,1073995.0,4.0,5.0,Lehi,SINGLE_FAMILY,4881.0,84043,,-1,40.455418,-111.88036,7084.111260409239
503,1044900.0,3.0,4.0,Saratoga Springs,SINGLE_FAMILY,4621.0,84045,,18,40.31209,-111.88556,6892.199550278738
504,338900.0,2.0,3.0,Lehi,CONDO,1272.0,84043,"$61,060 (Oct 6)",-1,40.393673,-111.82818,2235.397097894023
505,624990.0,3.0,4.0,Saratoga Springs,SINGLE_FAMILY,2670.0,84045,,-1,40.339973,-111.93535,4122.457457104707
506,659990.0,4.0,4.0,Saratoga Springs,SINGLE_FAMILY,3086.0,84045,,-1,40.339973,-111.93535,4353.318768483553
507,598990.0,3.0,3.0,Saratoga Springs,SINGLE_FAMILY,1997.0,84045,,-1,40.339973,-111.93535,3950.960482937565
508,659990.0,4.0,4.0,Saratoga Springs,SINGLE_FAMILY,3337.0,84045,,-1,40.339973,-111.93535,4353.318768483553
509,608990.0,2.0,3.0,Saratoga Springs,SINGLE_FAMILY,2338.0,84045,,-1,40.339973,-111.93535,4016.920857617235
510,624990.0,3.0,4.0,Saratoga Springs,SINGLE_FAMILY,2806.0,84045,,-1,40.339973,-111.93535,4122.457457104707
511,424900.0,2.0,3.0,Payson,SINGLE_FAMILY,2662.0,84651,,-1,40.032795,-111.733345,2802.6563201391864
512,625000.0,4.0,5.0,Lehi,SINGLE_FAMILY,3005.0,84043,"$10,000 (Nov 1)",-1,40.453556,-111.89607,4122.523417479387
513,474900.0,3.0,4.0,American Fork,TOWNHOUSE,1902.0,84003,,18,40.38412,-111.77483,3132.458193537537
514,529990.0,3.0,4.0,Lehi,SINGLE_FAMILY,2696.0,84043,,-1,40.39999,-111.9072,3495.8338976478403
515,546990.0,3.0,3.0,Lehi,SINGLE_FAMILY,2945.0,84043,,-1,40.39999,-111.9072,3607.96653460328
517,539990.0,3.0,3.0,Lehi,SINGLE_FAMILY,2945.0,84043,"$5,000 (Nov 1)",-1,40.39999,-111.9072,3561.7942723275105
518,472507.0,3.0,3.0,Eagle Mountain,SINGLE_FAMILY,1970.0,84005,,-1,40.324318,-112.01573,3116.673875876692
519,272250.0,1.0,3.0,Provo,CONDO,1089.0,84601,,19,40.22794,-111.66515,1795.771200654021
520,669900.0,3.0,3.0,Vineyard,SINGLE_FAMILY,2512.0,84059,"$3,100 (Nov 6)",-1,40.30781,-111.75958,4418.685499791106
521,639900.0,5.0,4.0,Saratoga Springs,SINGLE_FAMILY,3682.0,84045,,19,,,4220.804375752095
522,624900.0,3.0,5.0,Orem,SINGLE_FAMILY,3404.0,84058,"$10,000 (Nov 8)",-1,40.26328,-111.69287,4121.863813732591
523,512500.0,2.0,3.0,Cedar Hills,SINGLE_FAMILY,2554.0,84062,"$12,400 (Nov 8)",-1,40.407578,-111.76713,3380.469202333097
524,1886472.0,6.0,4.0,Heber City,TOWNHOUSE,3243.0,84032,,-1,,,12443.239994270678
525,425000.0,1.0,3.0,Orem,SINGLE_FAMILY,1225.0,84057,,19,40.309475,-111.69041,2803.315923885983
526,611000.0,3.0,5.0,Springville,SINGLE_FAMILY,3063.0,84663,"$14,000 (Nov 6)",-1,40.164894,-111.57838,4030.1788929278487
527,324900.0,1.0,2.0,Lehi,SINGLE_FAMILY,576.0,84043,"$24,100 (Nov 7)",-1,40.39383,-111.85183,2143.0525733424847
528,510800.0,3.0,3.0,Payson,SINGLE_FAMILY,2051.0,84651,$100 (Nov 8),19,40.021717,-111.751396,3369.2559386375538
529,535000.0,4.0,4.0,Saratoga Springs,SINGLE_FAMILY,2520.0,84045,"$10,000 (Nov 7)",-1,40.348602,-111.90603,3528.8800453623553
530,759900.0,3.0,4.0,Saratoga Springs,SINGLE_FAMILY,4412.0,84045,,19,40.30377,-111.89791,5012.328871908137
531,478900.0,3.0,3.0,Saratoga Springs,SINGLE_FAMILY,2278.0,84045,,19,,,3158.8423434094057
532,499990.0,3.0,3.0,Pleasant Grove,TOWNHOUSE,1865.0,84062,,19,40.36114,-111.74763,3297.95277360883
533,569000.0,1.0,4.0,Provo,SINGLE_FAMILY,2510.0,84601,,19,40.226627,-111.66275,3753.145319273234
534,570000.0,3.0,6.0,Cedar Hills,SINGLE_FAMILY,2684.0,84062,"$9,900 (Oct 20)",-1,40.4083,-111.76877,3759.741356741201
535,575000.0,3.0,5.0,Spanish Fork,SINGLE_FAMILY,2500.0,84660,,19,40.09074,-111.610504,3792.721544081036
536,435000.0,3.0,3.0,Spanish Fork,TOWNHOUSE,2041.0,84660,,19,40.121254,-111.72246,2869.276298565653
537,369900.0,3.0,3.0,Eagle Mountain,TOWNHOUSE,1550.0,84005,,19,40.35395,-111.99048,2439.874259401
538,750000.0,4.0,4.0,Draper,SINGLE_FAMILY,3225.0,84020,,19,40.477657,-111.826164,4947.028100975264
539,599900.0,3.0,4.0,Lehi,SINGLE_FAMILY,3587.0,84043,,19,40.38113,-111.90776,3956.9628770334148
540,425000.0,3.0,3.0,Spanish Fork,TOWNHOUSE,2032.0,84660,,-1,40.087616,-111.60216,2803.315923885983
541,490000.0,3.0,4.0,Eagle Mountain,SINGLE_FAMILY,2876.0,84005,,19,40.356598,-111.98137,3232.0583593038396
542,365000.0,2.0,3.0,Payson,SINGLE_FAMILY,1496.0,84651,,19,40.035164,-111.73742,2407.553675807962
543,449900.0,2.0,3.0,Orem,SINGLE_FAMILY,2322.0,84058,,19,40.29156,-111.68982,2967.557256838362
545,1159000.0,3.0,3.0,Mapleton,SINGLE_FAMILY,5129.0,84664,"$91,000 (Oct 26)",-1,40.125748,-111.5842,7644.807425373775
546,621990.0,3.0,4.0,Eagle Mountain,SINGLE_FAMILY,3573.0,84005,,-1,40.32013,-112.02189,4102.669344700806
547,270000.0,1.0,2.0,Orem,CONDO,792.0,84057,,19,40.304817,-111.721344,1780.9301163510952
548,739900.0,3.0,4.0,Saratoga Springs,SINGLE_FAMILY,3231.0,84045,,19,,,4880.408122548797
551,374900.0,1.0,3.0,Spanish Fork,SINGLE_FAMILY,1025.0,84660,"$5,000 (Nov 2)",-1,40.10738,-111.65988,2472.8544467408356
552,574990.0,3.0,2.0,American Fork,SINGLE_FAMILY,1505.0,84003,,-1,40.414955,-111.774025,3792.6555837063565
553,325000.0,1.0,3.0,Provo,SINGLE_FAMILY,1080.0,84606,,19,40.2294,-111.64304,2143.7121770892813
554,529990.0,3.0,3.0,American Fork,SINGLE_FAMILY,1917.0,84003,,20,40.355923,-111.81974,3495.8338976478403
555,475000.0,2.0,4.0,American Fork,SINGLE_FAMILY,2006.0,84003,"$15,000 (Nov 6)",-1,40.385536,-111.783936,3133.117797284334
556,399000.0,2.0,2.0,Springville,SINGLE_FAMILY,2540.0,84663,"$6,000 (Oct 25)",-1,40.161892,-111.6025,2631.8189497188405
557,615000.0,4.0,6.0,Payson,SINGLE_FAMILY,3745.0,84651,,20,40.030827,-111.72277,4056.5630427997166
558,729800.0,3.0,4.0,Saratoga Springs,SINGLE_FAMILY,3744.0,84045,$100 (Nov 3),-1,,,4813.788144122331
559,769000.0,3.0,5.0,Highland,SINGLE_FAMILY,3239.0,84003,,20,40.44225,-111.81062,5072.352812866638
560,1499999.0,6.0,7.0,Alpine,SINGLE_FAMILY,5586.0,84004,"$100,000 (Nov 4)",-1,40.447422,-111.78487,9894.04960591306
561,649900.0,3.0,3.0,Heber City,TOWNHOUSE,2690.0,84032,,20,,,4286.764750431766
562,609900.0,3.0,3.0,Heber City,TOWNHOUSE,2422.0,84032,"$10,000 (Oct 31)",20,,,4022.923251713085
563,679900.0,3.0,3.0,Heber City,TOWNHOUSE,2690.0,84032,"$5,000 (Oct 31)",20,,,4484.645874470776
564,659900.0,3.0,3.0,Heber City,TOWNHOUSE,2690.0,84032,"$25,000 (Oct 31)",20,,,4352.725125111436
565,589000.0,4.0,4.0,Vineyard,SINGLE_FAMILY,2565.0,84059,"$6,000 (Oct 27)",-1,40.30242,-111.74343,3885.066068632574
566,385000.0,3.0,4.0,Orem,CONDO,2032.0,84057,"$10,000 (Oct 27)",-1,40.330536,-111.71175,2539.4744251673023
567,369879.0,1.0,2.0,American Fork,SINGLE_FAMILY,788.0,84003,"$10,000 (Oct 26)",-1,40.374966,-111.79921,2439.7357426141734
569,340000.0,1.0,2.0,Springville,SINGLE_FAMILY,783.0,84663,,20,40.15568,-111.60563,2242.6527391087866
570,1724900.0,4.0,4.0,Payson,SINGLE_FAMILY,5500.0,84651,$100 (Oct 19),-1,40.078552,-111.80193,11377.50502849631
572,299000.0,2.0,3.0,Orem,CONDO,1065.0,84057,,20,40.322407,-111.726006,1972.2152029221386
573,454000.0,3.0,3.0,Lehi,TOWNHOUSE,2266.0,84043,"$33,600 (Oct 19)",-1,40.41586,-111.90818,2994.601010457027
